{"keyset": {"lweSecretKeys": [{"id": 0, "params": {"lweDimension": 2048, "integerPrecision": 64, "keyType": "binary"}}, {"id": 1, "params": {"lweDimension": 1536, "integerPrecision": 64, "keyType": "binary"}}, {"id": 2, "params": {"lweDimension": 597, "integerPrecision": 64, "keyType": "binary"}}, {"id": 3, "params": {"lweDimension": 580, "integerPrecision": 64, "keyType": "binary"}}, {"id": 4, "params": {"lweDimension": 779, "integerPrecision": 64, "keyType": "binary"}}, {"id": 5, "params": {"lweDimension": 2048, "integerPrecision": 64, "keyType": "binary"}}, {"id": 6, "params": {"lweDimension": 1536, "integerPrecision": 64, "keyType": "binary"}}, {"id": 7, "params": {"lweDimension": 676, "integerPrecision": 64, "keyType": "binary"}}, {"id": 8, "params": {"lweDimension": 812, "integerPrecision": 64, "keyType": "binary"}}, {"id": 9, "params": {"lweDimension": 8192, "integerPrecision": 64, "keyType": "binary"}}], "lweBootstrapKeys": [{"id": 0, "inputId": 2, "outputId": 0, "params": {"levelCount": 1, "baseLog": 23, "glweDimension": 4, "polynomialSize": 512, "variance": 8.442253112932959e-31, "integerPrecision": 64, "modulus": {"modulus": {"native": {}}}, "keyType": "binary", "inputLweDimension": 597}, "compression": "none"}, {"id": 1, "inputId": 3, "outputId": 1, "params": {"levelCount": 1, "baseLog": 18, "glweDimension": 6, "polynomialSize": 256, "variance": 7.040630965929754e-23, "integerPrecision": 64, "modulus": {"modulus": {"native": {}}}, "keyType": "binary", "inputLweDimension": 580}, "compression": "none"}, {"id": 2, "inputId": 4, "outputId": 5, "params": {"levelCount": 1, "baseLog": 23, "glweDimension": 1, "polynomialSize": 2048, "variance": 8.442253112932959e-31, "integerPrecision": 64, "modulus": {"modulus": {"native": {}}}, "keyType": "binary", "inputLweDimension": 779}, "compression": "none"}, {"id": 3, "inputId": 7, "outputId": 6, "params": {"levelCount": 2, "baseLog": 12, "glweDimension": 3, "polynomialSize": 512, "variance": 7.040630965929754e-23, "integerPrecision": 64, "modulus": {"modulus": {"native": {}}}, "keyType": "binary", "inputLweDimension": 676}, "compression": "none"}, {"id": 4, "inputId": 8, "outputId": 9, "params": {"levelCount": 2, "baseLog": 15, "glweDimension": 1, "polynomialSize": 8192, "variance": 4.70197740328915e-38, "integerPrecision": 64, "modulus": {"modulus": {"native": {}}}, "keyType": "binary", "inputLweDimension": 812}, "compression": "none"}], "lweKeyswitchKeys": [{"id": 0, "inputId": 1, "outputId": 2, "params": {"levelCount": 5, "baseLog": 2, "variance": 2.3707338741023035e-08, "integerPrecision": 64, "modulus": {"modulus": {"native": {}}}, "keyType": "binary", "inputLweDimension": 1536, "outputLweDimension": 597}, "compression": "none"}, {"id": 1, "inputId": 1, "outputId": 3, "params": {"levelCount": 3, "baseLog": 3, "variance": 4.344000288253651e-08, "integerPrecision": 64, "modulus": {"modulus": {"native": {}}}, "keyType": "binary", "inputLweDimension": 1536, "outputLweDimension": 580}, "compression": "none"}, {"id": 2, "inputId": 0, "outputId": 4, "params": {"levelCount": 5, "baseLog": 3, "variance": 3.6237679042976014e-11, "integerPrecision": 64, "modulus": {"modulus": {"native": {}}}, "keyType": "binary", "inputLweDimension": 2048, "outputLweDimension": 779}, "compression": "none"}, {"id": 3, "inputId": 5, "outputId": 6, "params": {"levelCount": 1, "baseLog": 18, "variance": 7.040630965929754e-23, "integerPrecision": 64, "modulus": {"modulus": {"native": {}}}, "keyType": "binary", "inputLweDimension": 2048, "outputLweDimension": 1536}, "compression": "none"}, {"id": 4, "inputId": 1, "outputId": 7, "params": {"levelCount": 4, "baseLog": 3, "variance": 1.4212602770089775e-09, "integerPrecision": 64, "modulus": {"modulus": {"native": {}}}, "keyType": "binary", "inputLweDimension": 1536, "outputLweDimension": 676}, "compression": "none"}, {"id": 5, "inputId": 6, "outputId": 8, "params": {"levelCount": 8, "baseLog": 2, "variance": 1.1184518597149232e-11, "integerPrecision": 64, "modulus": {"modulus": {"native": {}}}, "keyType": "binary", "inputLweDimension": 1536, "outputLweDimension": 812}, "compression": "none"}], "packingKeyswitchKeys": []}, "circuits": [{"inputs": [{"rawInfo": {"shape": {"dimensions": [16, 1537]}, "integerPrecision": 64, "isSigned": false}, "typeInfo": {"lweCiphertext": {"abstractShape": {"dimensions": [16]}, "concreteShape": {"dimensions": [16, 1537]}, "integerPrecision": 64, "encryption": {"keyId": 1, "variance": 7.040630965929754e-23, "lweDimension": 1536, "modulus": {"modulus": {"native": {}}}}, "compression": "none", "encoding": {"integer": {"width": 2, "isSigned": true, "mode": {"native": {}}}}}}}, {"rawInfo": {"shape": {"dimensions": [16, 1537]}, "integerPrecision": 64, "isSigned": false}, "typeInfo": {"lweCiphertext": {"abstractShape": {"dimensions": [16]}, "concreteShape": {"dimensions": [16, 1537]}, "integerPrecision": 64, "encryption": {"keyId": 1, "variance": 7.040630965929754e-23, "lweDimension": 1536, "modulus": {"modulus": {"native": {}}}}, "compression": "none", "encoding": {"integer": {"width": 2, "isSigned": true, "mode": {"native": {}}}}}}}], "outputs": [{"rawInfo": {"shape": {"dimensions": [8193]}, "integerPrecision": 64, "isSigned": false}, "typeInfo": {"lweCiphertext": {"abstractShape": {"dimensions": []}, "concreteShape": {"dimensions": [8193]}, "integerPrecision": 64, "encryption": {"keyId": 9, "variance": 4.70197740328915e-38, "lweDimension": 8192, "modulus": {"modulus": {"native": {}}}}, "compression": "none", "encoding": {"integer": {"width": 10, "isSigned": false, "mode": {"native": {}}}}}}}], "name": "cosine_similarity"}], "tfhers_specs": {"input_types_per_func": {"cosine_similarity": [null, null]}, "output_types_per_func": {"cosine_similarity": [null]}, "input_shapes_per_func": {"cosine_similarity": [null, null]}, "output_shapes_per_func": {"cosine_similarity": [null]}}}