{"keyset": {"lweSecretKeys": [{"id": 0, "params": {"lweDimension": 1536, "integerPrecision": 64, "keyType": "binary"}}, {"id": 1, "params": {"lweDimension": 626, "integerPrecision": 64, "keyType": "binary"}}, {"id": 2, "params": {"lweDimension": 735, "integerPrecision": 64, "keyType": "binary"}}], "lweBootstrapKeys": [{"id": 0, "inputId": 1, "outputId": 0, "params": {"levelCount": 1, "baseLog": 18, "glweDimension": 6, "polynomialSize": 256, "variance": 7.040630965929754e-23, "integerPrecision": 64, "modulus": {"modulus": {"native": {}}}, "keyType": "binary", "inputLweDimension": 626}, "compression": "none"}, {"id": 1, "inputId": 2, "outputId": 0, "params": {"levelCount": 1, "baseLog": 18, "glweDimension": 6, "polynomialSize": 256, "variance": 7.040630965929754e-23, "integerPrecision": 64, "modulus": {"modulus": {"native": {}}}, "keyType": "binary", "inputLweDimension": 735}, "compression": "none"}], "lweKeyswitchKeys": [{"id": 0, "inputId": 0, "outputId": 1, "params": {"levelCount": 3, "baseLog": 3, "variance": 8.437693323536307e-09, "integerPrecision": 64, "modulus": {"modulus": {"native": {}}}, "keyType": "binary", "inputLweDimension": 1536, "outputLweDimension": 626}, "compression": "none"}, {"id": 1, "inputId": 0, "outputId": 2, "params": {"levelCount": 3, "baseLog": 4, "variance": 1.7373386378493473e-10, "integerPrecision": 64, "modulus": {"modulus": {"native": {}}}, "keyType": "binary", "inputLweDimension": 1536, "outputLweDimension": 735}, "compression": "none"}], "packingKeyswitchKeys": []}, "circuits": [{"inputs": [{"rawInfo": {"shape": {"dimensions": [16, 1537]}, "integerPrecision": 64, "isSigned": false}, "typeInfo": {"lweCiphertext": {"abstractShape": {"dimensions": [16]}, "concreteShape": {"dimensions": [16, 1537]}, "integerPrecision": 64, "encryption": {"keyId": 0, "variance": 7.040630965929754e-23, "lweDimension": 1536, "modulus": {"modulus": {"native": {}}}}, "compression": "none", "encoding": {"integer": {"width": 1, "isSigned": false, "mode": {"native": {}}}}}}}, {"rawInfo": {"shape": {"dimensions": [16, 1537]}, "integerPrecision": 64, "isSigned": false}, "typeInfo": {"lweCiphertext": {"abstractShape": {"dimensions": [16]}, "concreteShape": {"dimensions": [16, 1537]}, "integerPrecision": 64, "encryption": {"keyId": 0, "variance": 7.040630965929754e-23, "lweDimension": 1536, "modulus": {"modulus": {"native": {}}}}, "compression": "none", "encoding": {"integer": {"width": 1, "isSigned": false, "mode": {"native": {}}}}}}}, {"rawInfo": {"shape": {"dimensions": [1537]}, "integerPrecision": 64, "isSigned": false}, "typeInfo": {"lweCiphertext": {"abstractShape": {"dimensions": []}, "concreteShape": {"dimensions": [1537]}, "integerPrecision": 64, "encryption": {"keyId": 0, "variance": 7.040630965929754e-23, "lweDimension": 1536, "modulus": {"modulus": {"native": {}}}}, "compression": "none", "encoding": {"integer": {"width": 1, "isSigned": false, "mode": {"native": {}}}}}}}], "outputs": [{"rawInfo": {"shape": {"dimensions": [1537]}, "integerPrecision": 64, "isSigned": false}, "typeInfo": {"lweCiphertext": {"abstractShape": {"dimensions": []}, "concreteShape": {"dimensions": [1537]}, "integerPrecision": 64, "encryption": {"keyId": 0, "variance": 7.040630965929754e-23, "lweDimension": 1536, "modulus": {"modulus": {"native": {}}}}, "compression": "none", "encoding": {"integer": {"width": 1, "isSigned": false, "mode": {"native": {}}}}}}}], "name": "word_comparison"}], "tfhers_specs": {"input_types_per_func": {"word_comparison": [null, null, null]}, "output_types_per_func": {"word_comparison": [null]}, "input_shapes_per_func": {"word_comparison": [null, null, null]}, "output_shapes_per_func": {"word_comparison": [null]}}}